[
    {
      "image": "https://hitoai.ai/v2/wp-content/uploads/elementor/thumbs/biasadra-logo-qt9r7sdn11jmqfet2zmqq4mmwx5qnrnkmevkfxoh5c.jpg"
    },
    {
      "image": "https://hitoai.ai/v2/wp-content/uploads/elementor/thumbs/logo-intercom-e1725487130817-qtmr76na2oczlnmm4dawdqvulahjn4nexa6pf1vl5c.jpeg"
    },
    {
      "image": "https://hitoai.ai/v2/wp-content/uploads/elementor/thumbs/google-qt9re5q9cm9lfa5nvqrpmir3uxratwy2ty21jg8ez4.jpeg"
    },
    {
      "image": "https://hitoai.ai/v2/wp-content/uploads/elementor/thumbs/trans4mers-profile.jpg-qrse6i1q4yfl9e892de3yq8uqwmh240p1mg3s5vmq8.webp"
    },
    {
      "image": "https://hitoai.ai/v2/wp-content/uploads/elementor/thumbs/f6s-qrekarr77w73wrg428o9n7x33qeqzz1vre80jjklow.jpeg"
    },
    {
      "image": "https://hitoai.ai/v2/wp-content/uploads/elementor/thumbs/github-e1725487224192-qtmr9n03x3pxx029sfhtw4l6fie1qoe6lficj28kwg.jpeg"
    },
    {
      "image": "https://hitoai.ai/v2/wp-content/uploads/elementor/thumbs/mongo-db-qrekaz9wqkhehn56ubxa760rutdopjvqgffwdr9gb4.jpeg"
    },
    {
      "image": "https://hitoai.ai/v2/wp-content/uploads/elementor/thumbs/auth0-qrekapviu84j9jiud7v0i8e5wyo0kkuf34x1kzne1c.jpeg"
    },
    {
      "image": "https://hitoai.ai/v2/wp-content/uploads/elementor/thumbs/biasadra-logo-qt9r7sdn11jmqfet2zmqq4mmwx5qnrnkmevkfxoh5c.jpg"
    },
    {
      "image": "https://hitoai.ai/v2/wp-content/uploads/elementor/thumbs/logo-intercom-e1725487130817-qtmr76na2oczlnmm4dawdqvulahjn4nexa6pf1vl5c.jpeg"
    }
  ]
  